id,question,doc_ids
0,Who likes Birch Trees?,"Olinda_Posso,Wynona_Meskell"
1,Who likes Levels?,"Olinda_Posso,Leslie_Chueh"
2,Who likes Stand-up Comedy?,"Olinda_Posso,Ula_Yann"
3,Who likes Holland Lops?,"Olinda_Posso,Julia_Matsil"
4,Who likes Alligators?,"Olinda_Posso,Jamar_Brugger"
5,Who likes Bammy?,"Olinda_Posso,Celie_Scherbert"
6,Who likes The Sound of Wind in the Trees?,"Olinda_Posso,Ken_Palacz"
7,Who likes Urban Exploration?,"Olinda_Posso,Tyrone_Datu"
8,Who likes Philosophy?,"Olinda_Posso,Mattie_Puddy"
9,Who likes Alfajores?,"Olinda_Posso,Treva_Penix"
10,Who likes Blueberries?,"Olinda_Posso,Carlyle_Jee"
11,Who likes The Gilded Age?,"Olinda_Posso,Jerod_Office"
12,Who likes Orchids?,"Olinda_Posso,Kanye_Goehner"
13,Who likes Eggplants?,"Olinda_Posso,Trevion_Malasig"
14,Who likes the Texas Rangers?,"Olinda_Posso,Dulce_Pardieck"
15,Who likes Cribbage?,"Olinda_Posso,Thor_Flandez"
16,Who likes Quinoa?,"Olinda_Posso,Charolette_Ransbottom"
17,Who likes Environmental Engineering?,"Olinda_Posso,Chaka_Laham"
18,Who likes Lotteries?,"Olinda_Posso,Latosha_Gorthy"
19,Who likes Pavements Ants?,"Olinda_Posso,Aubra_Hokenson"
20,Who likes Cod?,"Olinda_Posso,Burl_Corlis"
21,Who likes Rainbows?,"Olinda_Posso,Saniyah_Jankowski"
22,Who likes Butchers?,"Olinda_Posso,Judi_Wion"
23,Who likes Eggnog?,"Olinda_Posso,Melissa_Zanis"
24,Who likes Wallets?,"Olinda_Posso,Dickie_Delibero"
25,Who likes Dryers?,"Olinda_Posso,Kallie_Pavlovski"
26,Who likes Risk?,"Olinda_Posso,Juliana_Helmold"
27,Who likes Bagels?,"Olinda_Posso,Vincenza_Otarola"
28,Who likes Grey Parrots?,"Olinda_Posso,Brent_Connell"
29,Who likes Cola Soda?,"Olinda_Posso,Dillie_Newett"
30,Who likes Paneer?,"Olinda_Posso,Deryl_Falsey"
31,Who likes Hot Chocolate?,"Olinda_Posso,Karyn_Geyser"
32,Who likes Armadillos?,"Olinda_Posso,Ninnie_Przybilla"
33,Who likes Juggling?,"Olinda_Posso,Dejuan_Topete"
34,Who likes Florists?,"Olinda_Posso,Kaydence_Retuta"
35,Who likes The Industrial Revolution?,"Olinda_Posso,Arthur_Tames"
36,Who likes Pumpkin Seeds?,"Olinda_Posso,Vicie_Dopp"
37,Who likes Rats?,"Olinda_Posso,Georgine_Armwood"
38,Who likes Green Peppercorns?,"Olinda_Posso,Lorie_Dineen"
39,Who likes Scuba Diving?,"Olinda_Posso,Jaquez_Windt"
40,Who likes Caramel Candies?,"Olinda_Posso,Alaina_Shabaz"
41,Who likes Peonies?,"Olinda_Posso,Lea_Hatz"
42,Who likes Markhors?,"Olinda_Posso,Milo_Siddoway"
43,Who likes Pulled Pork?,"Olinda_Posso,Daphne_Nosker"
44,Who likes Apple Juice?,"Olinda_Posso,Shalonda_Revelez"
45,Who likes Woodpeckers?,"Wynona_Meskell,Leslie_Chueh"
46,Who likes Game Design?,"Wynona_Meskell,Ula_Yann"
47,Who likes Black Tea?,"Wynona_Meskell,Julia_Matsil"
48,Who likes Chili?,"Wynona_Meskell,Jamar_Brugger"
49,Who likes Archery?,"Wynona_Meskell,Celie_Scherbert"
50,Who likes Mountain Biking?,"Wynona_Meskell,Ken_Palacz"
51,Who likes Sage?,"Wynona_Meskell,Tyrone_Datu"
52,Who likes Upside-Down Cakes?,"Wynona_Meskell,Mattie_Puddy"
53,Who likes Pad Thai?,"Wynona_Meskell,Treva_Penix"
54,Who likes Swamps?,"Wynona_Meskell,Carlyle_Jee"
55,Who likes Toads?,"Wynona_Meskell,Jerod_Office"
56,Who likes Solitaire?,"Wynona_Meskell,Kanye_Goehner"
57,Who likes Coleslaw?,"Wynona_Meskell,Trevion_Malasig"
58,Who likes Moon Pies?,"Wynona_Meskell,Dulce_Pardieck"
59,Who likes Pecan Pies?,"Wynona_Meskell,Thor_Flandez"
60,Who likes Wardrobes?,"Wynona_Meskell,Charolette_Ransbottom"
61,Who likes Love?,"Wynona_Meskell,Chaka_Laham"
62,Who likes Duct Tape?,"Wynona_Meskell,Latosha_Gorthy"
63,Who likes Turkish Delight?,"Wynona_Meskell,Aubra_Hokenson"
64,Who likes Apple Cider?,"Wynona_Meskell,Burl_Corlis"
65,Who likes Egg Noodles?,"Wynona_Meskell,Saniyah_Jankowski"
66,Who likes Barnacles?,"Wynona_Meskell,Judi_Wion"
67,Who likes Hematite?,"Wynona_Meskell,Melissa_Zanis"
68,Who likes Bow Ties?,"Wynona_Meskell,Dickie_Delibero"
69,Who likes White-tailed Deer?,"Wynona_Meskell,Kallie_Pavlovski"
70,Who likes Yeast?,"Wynona_Meskell,Juliana_Helmold"
71,Who likes Leaf Blowers?,"Wynona_Meskell,Vincenza_Otarola"
72,Who likes the San Diego Padres?,"Wynona_Meskell,Brent_Connell"
73,Who likes White Rice?,"Wynona_Meskell,Dillie_Newett"
74,Who likes Video game music?,"Wynona_Meskell,Deryl_Falsey"
75,Who likes Komodo Dragons?,"Wynona_Meskell,Karyn_Geyser"
76,Who likes Puzzle Video Games?,"Wynona_Meskell,Ninnie_Przybilla"
77,Who likes The Progressive Era?,"Wynona_Meskell,Dejuan_Topete"
78,Who likes Backgammon?,"Wynona_Meskell,Kaydence_Retuta"
79,Who likes Fire Extinguishers?,"Wynona_Meskell,Arthur_Tames"
80,Who likes Kiwis?,"Wynona_Meskell,Vicie_Dopp"
81,Who likes Adventure Video Games?,"Wynona_Meskell,Georgine_Armwood"
82,Who likes Legacy?,"Wynona_Meskell,Lorie_Dineen"
83,Who likes Fossils?,"Wynona_Meskell,Jaquez_Windt"
84,Who likes the Chicago Cubs?,"Wynona_Meskell,Alaina_Shabaz"
85,Who likes Cloves?,"Wynona_Meskell,Lea_Hatz"
86,Who likes Welders?,"Wynona_Meskell,Milo_Siddoway"
87,Who likes Sugar Gliders?,"Wynona_Meskell,Daphne_Nosker"
88,Who likes Bath Mats?,"Wynona_Meskell,Shalonda_Revelez"
89,Who likes Luna Moths?,"Leslie_Chueh,Ula_Yann"
90,Who likes Necklaces?,"Leslie_Chueh,Julia_Matsil"
91,Who likes Tundra?,"Leslie_Chueh,Jamar_Brugger"
92,Who likes Sports Video Games?,"Leslie_Chueh,Celie_Scherbert"
93,Who likes Newts?,"Leslie_Chueh,Ken_Palacz"
94,Who likes Clafoutis?,"Leslie_Chueh,Tyrone_Datu"
95,Who likes the Cincinnati Reds?,"Leslie_Chueh,Mattie_Puddy"
96,Who likes Track Cycling?,"Leslie_Chueh,Treva_Penix"
97,Who likes Yoga?,"Leslie_Chueh,Carlyle_Jee"
98,Who likes Daffodils?,"Leslie_Chueh,Jerod_Office"
99,Who likes Ice Cream Sundaes?,"Leslie_Chueh,Kanye_Goehner"
100,Who likes Belts?,"Leslie_Chueh,Trevion_Malasig"
101,Who likes the Colorado Rockies?,"Leslie_Chueh,Dulce_Pardieck"
102,Who likes Digital Art?,"Leslie_Chueh,Thor_Flandez"
103,Who likes Action Movies?,"Leslie_Chueh,Charolette_Ransbottom"
104,Who likes Sculpting?,"Leslie_Chueh,Chaka_Laham"
105,Who likes Indie Music?,"Leslie_Chueh,Latosha_Gorthy"
106,Who likes Safety Goggles?,"Leslie_Chueh,Aubra_Hokenson"
107,Who likes The Victorian Era?,"Leslie_Chueh,Burl_Corlis"
108,Who likes Mythology?,"Leslie_Chueh,Saniyah_Jankowski"
109,Who likes Mice?,"Leslie_Chueh,Judi_Wion"
110,Who likes Macadamia Nuts?,"Leslie_Chueh,Melissa_Zanis"
111,Who likes Churros?,"Leslie_Chueh,Dickie_Delibero"
112,Who likes Classics?,"Leslie_Chueh,Kallie_Pavlovski"
113,Who likes Screen Printing?,"Leslie_Chueh,Juliana_Helmold"
114,Who likes Photorealism?,"Leslie_Chueh,Vincenza_Otarola"
115,Who likes Mountains?,"Leslie_Chueh,Brent_Connell"
116,Who likes Whale Sharks?,"Leslie_Chueh,Dillie_Newett"
117,Who likes Ravines?,"Leslie_Chueh,Deryl_Falsey"
118,Who likes Ivy?,"Leslie_Chueh,Karyn_Geyser"
119,Who likes Lasagna?,"Leslie_Chueh,Ninnie_Przybilla"
120,Who likes Ukuleles?,"Leslie_Chueh,Dejuan_Topete"
121,Who likes Raspberries?,"Leslie_Chueh,Kaydence_Retuta"
122,Who likes Scrabble?,"Leslie_Chueh,Arthur_Tames"
123,Who likes Sunset?,"Leslie_Chueh,Vicie_Dopp"
124,Who likes Public Health?,"Leslie_Chueh,Georgine_Armwood"
125,Who likes Hummingbirds?,"Leslie_Chueh,Lorie_Dineen"
126,Who likes Millet?,"Leslie_Chueh,Jaquez_Windt"
127,Who likes Grease Ants?,"Leslie_Chueh,Alaina_Shabaz"
128,Who likes Pandemic?,"Leslie_Chueh,Lea_Hatz"
129,Who likes Papayas?,"Leslie_Chueh,Milo_Siddoway"
130,Who likes Jalapenos?,"Leslie_Chueh,Daphne_Nosker"
131,Who likes Coriander?,"Leslie_Chueh,Shalonda_Revelez"
132,Who likes Potato Bread?,"Ula_Yann,Julia_Matsil"
133,Who likes the Washington Nationals?,"Ula_Yann,Jamar_Brugger"
134,Who likes Muenster?,"Ula_Yann,Celie_Scherbert"
135,Who likes Chinese Five Spice?,"Ula_Yann,Ken_Palacz"
136,Who likes Swimsuits?,"Ula_Yann,Tyrone_Datu"
137,Who likes Fish and Chips?,"Ula_Yann,Mattie_Puddy"
138,Who likes Animated Movies?,"Ula_Yann,Treva_Penix"
139,Who likes Windows?,"Ula_Yann,Carlyle_Jee"
140,Who likes Brown Sugar?,"Ula_Yann,Jerod_Office"
141,Who likes Clams?,"Ula_Yann,Kanye_Goehner"
142,Who likes Deep Dish Pizza?,"Ula_Yann,Trevion_Malasig"
143,Who likes Waterfalls?,"Ula_Yann,Dulce_Pardieck"
144,Who likes Accordions?,"Ula_Yann,Thor_Flandez"
145,Who likes Oolong Tea?,"Ula_Yann,Charolette_Ransbottom"
146,Who likes Relief?,"Ula_Yann,Chaka_Laham"
147,Who likes Fireflies?,"Ula_Yann,Latosha_Gorthy"
148,Who likes The Feeling of a Smooth Stone?,"Ula_Yann,Aubra_Hokenson"
149,Who likes Beanies?,"Ula_Yann,Burl_Corlis"
150,Who likes Obstacle Course Racing?,"Ula_Yann,Saniyah_Jankowski"
151,Who likes Tai Chi?,"Ula_Yann,Judi_Wion"
152,Who likes Star Clusters?,"Ula_Yann,Melissa_Zanis"
153,Who likes The Belle Epoque?,"Ula_Yann,Dickie_Delibero"
154,Who likes Physics?,"Ula_Yann,Kallie_Pavlovski"
155,Who likes The Feeling of Cool Water?,"Ula_Yann,Juliana_Helmold"
156,Who likes Delight?,"Ula_Yann,Vincenza_Otarola"
157,Who likes Anthropology?,"Ula_Yann,Brent_Connell"
158,Who likes Hygge?,"Ula_Yann,Dillie_Newett"
159,Who likes Responsibility?,"Ula_Yann,Deryl_Falsey"
160,Who likes Squirrels?,"Ula_Yann,Karyn_Geyser"
161,Who likes Elevators?,"Ula_Yann,Ninnie_Przybilla"
162,Who likes Vegetable Oil?,"Ula_Yann,Dejuan_Topete"
163,Who likes Ties?,"Ula_Yann,Kaydence_Retuta"
164,Who likes Dippin' Dots?,"Ula_Yann,Arthur_Tames"
165,Who likes Wallabies?,"Ula_Yann,Vicie_Dopp"
166,Who likes Pork Ribs?,"Ula_Yann,Georgine_Armwood"
167,Who likes Pheasant?,"Ula_Yann,Lorie_Dineen"
168,Who likes Renaissance Art?,"Ula_Yann,Jaquez_Windt"
169,Who likes Pesto?,"Ula_Yann,Alaina_Shabaz"
170,Who likes Axolotls?,"Ula_Yann,Lea_Hatz"
171,Who likes Sea shanties?,"Ula_Yann,Milo_Siddoway"
172,Who likes Violas?,"Ula_Yann,Daphne_Nosker"
173,Who likes Tae Kwon Do?,"Ula_Yann,Shalonda_Revelez"
174,Who likes Sudoku Puzzles?,"Julia_Matsil,Jamar_Brugger"
175,Who likes Sichuan Peppercorns?,"Julia_Matsil,Celie_Scherbert"
176,Who likes Red Bell Peppers?,"Julia_Matsil,Ken_Palacz"
177,Who likes Robins?,"Julia_Matsil,Tyrone_Datu"
178,Who likes Post-War Boom?,"Julia_Matsil,Mattie_Puddy"
179,Who likes Towels?,"Julia_Matsil,Treva_Penix"
180,Who likes Scissors?,"Julia_Matsil,Carlyle_Jee"
181,Who likes Wrestling?,"Julia_Matsil,Jerod_Office"
182,Who likes Catfish?,"Julia_Matsil,Kanye_Goehner"
183,Who likes Parfaits?,"Julia_Matsil,Trevion_Malasig"
184,Who likes Feta Cheese?,"Julia_Matsil,Dulce_Pardieck"
185,Who likes Oil Painting?,"Julia_Matsil,Thor_Flandez"
186,Who likes Goblin Sharks?,"Julia_Matsil,Charolette_Ransbottom"
187,Who likes Wonder?,"Julia_Matsil,Chaka_Laham"
188,Who likes Rose Quartz?,"Julia_Matsil,Latosha_Gorthy"
189,Who likes Sewing?,"Julia_Matsil,Aubra_Hokenson"
190,Who likes Intuition?,"Julia_Matsil,Burl_Corlis"
191,Who likes Patience?,"Julia_Matsil,Saniyah_Jankowski"
192,Who likes Astronomy?,"Julia_Matsil,Judi_Wion"
193,Who likes Desks?,"Julia_Matsil,Melissa_Zanis"
194,Who likes Iced Tea?,"Julia_Matsil,Dickie_Delibero"
195,Who likes Mousse?,"Julia_Matsil,Kallie_Pavlovski"
196,Who likes Wisdom?,"Julia_Matsil,Juliana_Helmold"
197,Who likes Kickboxing?,"Julia_Matsil,Vincenza_Otarola"
198,Who likes Rafflesia Flowers?,"Julia_Matsil,Brent_Connell"
199,Who likes The Sound of Crickets Chirping?,"Julia_Matsil,Dillie_Newett"
200,Who likes Nectarines?,"Julia_Matsil,Deryl_Falsey"
201,Who likes Buckwheat?,"Julia_Matsil,Karyn_Geyser"
202,Who likes Wabi-sabi?,"Julia_Matsil,Ninnie_Przybilla"
203,Who likes East Asian Calligraphy?,"Julia_Matsil,Dejuan_Topete"
204,Who likes Workbenches?,"Julia_Matsil,Kaydence_Retuta"
205,Who likes Ventriloquism?,"Julia_Matsil,Arthur_Tames"
206,Who likes the New York Yankees?,"Julia_Matsil,Vicie_Dopp"
207,Who likes Screwdrivers?,"Julia_Matsil,Georgine_Armwood"
208,Who likes Cymbals?,"Julia_Matsil,Lorie_Dineen"
209,Who likes Irises?,"Julia_Matsil,Jaquez_Windt"
210,Who likes Cantaloupes?,"Julia_Matsil,Alaina_Shabaz"
211,Who likes Volleyball?,"Julia_Matsil,Lea_Hatz"
212,Who likes The Space Age?,"Julia_Matsil,Milo_Siddoway"
213,Who likes Surrealism?,"Julia_Matsil,Daphne_Nosker"
214,Who likes Sprinkles?,"Julia_Matsil,Shalonda_Revelez"
215,Who likes The Age of Discovery?,"Jamar_Brugger,Celie_Scherbert"
216,Who likes Gardenias?,"Jamar_Brugger,Ken_Palacz"
217,Who likes Autonomy?,"Jamar_Brugger,Tyrone_Datu"
218,Who likes Medical Dramas?,"Jamar_Brugger,Mattie_Puddy"
219,Who likes Pumpkin Pies?,"Jamar_Brugger,Treva_Penix"
220,Who likes Rhinoceroses?,"Jamar_Brugger,Carlyle_Jee"
221,Who likes Pitcher Plants?,"Jamar_Brugger,Jerod_Office"
222,Who likes Macaws?,"Jamar_Brugger,Kanye_Goehner"
223,Who likes Anchovies?,"Jamar_Brugger,Trevion_Malasig"
224,Who likes the Baltimore Orioles?,"Jamar_Brugger,Dulce_Pardieck"
225,Who likes Turkeys?,"Jamar_Brugger,Thor_Flandez"
226,Who likes Synchronized Swimming?,"Jamar_Brugger,Charolette_Ransbottom"
227,Who likes Milanos?,"Jamar_Brugger,Chaka_Laham"
228,Who likes Frozen Yogurt?,"Jamar_Brugger,Latosha_Gorthy"
229,Who likes Frosting?,"Jamar_Brugger,Aubra_Hokenson"
230,Who likes Backpacking?,"Jamar_Brugger,Burl_Corlis"
231,Who likes Astrophotography?,"Jamar_Brugger,Saniyah_Jankowski"
232,Who likes Falafel?,"Jamar_Brugger,Judi_Wion"
233,Who likes Poblano Peppers?,"Jamar_Brugger,Melissa_Zanis"
234,Who likes Economists?,"Jamar_Brugger,Dickie_Delibero"
235,Who likes Orangutans?,"Jamar_Brugger,Kallie_Pavlovski"
236,Who likes Beluga Whales?,"Jamar_Brugger,Juliana_Helmold"
237,Who likes Folders?,"Jamar_Brugger,Vincenza_Otarola"
238,Who likes Dumbo Octopuses?,"Jamar_Brugger,Brent_Connell"
239,Who likes Chips Ahoy!?,"Jamar_Brugger,Dillie_Newett"
240,Who likes Candy Canes?,"Jamar_Brugger,Deryl_Falsey"
241,Who likes Turmeric?,"Jamar_Brugger,Karyn_Geyser"
242,Who likes Finches?,"Jamar_Brugger,Ninnie_Przybilla"
243,Who likes Beds?,"Jamar_Brugger,Dejuan_Topete"
244,Who likes Arcade Games?,"Jamar_Brugger,Kaydence_Retuta"
245,Who likes Dustpans?,"Jamar_Brugger,Arthur_Tames"
246,Who likes Paint Rollers?,"Jamar_Brugger,Vicie_Dopp"
247,Who likes the Minnesota Twins?,"Jamar_Brugger,Georgine_Armwood"
248,Who likes Iron?,"Jamar_Brugger,Lorie_Dineen"
249,Who likes the Seattle Mariners?,"Jamar_Brugger,Jaquez_Windt"
250,Who likes Hercules Beetles?,"Jamar_Brugger,Alaina_Shabaz"
251,Who likes Bookbinding?,"Jamar_Brugger,Lea_Hatz"
252,Who likes the Arizona Diamondbacks?,"Jamar_Brugger,Milo_Siddoway"
253,Who likes Journalists?,"Jamar_Brugger,Daphne_Nosker"
254,Who likes Banjos?,"Jamar_Brugger,Shalonda_Revelez"
255,Who likes Pipefish?,"Celie_Scherbert,Ken_Palacz"
256,Who likes Marshes?,"Celie_Scherbert,Tyrone_Datu"
257,Who likes Paramedics?,"Celie_Scherbert,Mattie_Puddy"
258,Who likes Platformer Video Games?,"Celie_Scherbert,Treva_Penix"
259,Who likes Mallets?,"Celie_Scherbert,Carlyle_Jee"
260,Who likes Friendship?,"Celie_Scherbert,Jerod_Office"
261,Who likes Hawks?,"Celie_Scherbert,Kanye_Goehner"
262,Who likes Foraging?,"Celie_Scherbert,Trevion_Malasig"
263,Who likes Graphic Design?,"Celie_Scherbert,Dulce_Pardieck"
264,Who likes Yeti Crabs?,"Celie_Scherbert,Thor_Flandez"
265,Who likes Documentary Films?,"Celie_Scherbert,Charolette_Ransbottom"
266,Who likes Jeans?,"Celie_Scherbert,Chaka_Laham"
267,Who likes Flamingos?,"Celie_Scherbert,Latosha_Gorthy"
268,Who likes Wombats?,"Celie_Scherbert,Aubra_Hokenson"
269,Who likes Economics?,"Celie_Scherbert,Burl_Corlis"
270,Who likes Basins?,"Celie_Scherbert,Saniyah_Jankowski"
271,Who likes Topaz?,"Celie_Scherbert,Judi_Wion"
272,Who likes Optimism?,"Celie_Scherbert,Melissa_Zanis"
273,Who likes Cashews?,"Celie_Scherbert,Dickie_Delibero"
274,Who likes Scarves?,"Celie_Scherbert,Kallie_Pavlovski"
275,Who likes Sumac?,"Celie_Scherbert,Juliana_Helmold"
276,Who likes Bocce Ball?,"Celie_Scherbert,Vincenza_Otarola"
277,Who likes Lamps?,"Celie_Scherbert,Brent_Connell"
278,Who likes Coffee Cakes?,"Celie_Scherbert,Dillie_Newett"
279,Who likes Mastery?,"Celie_Scherbert,Deryl_Falsey"
280,Who likes Pianos?,"Celie_Scherbert,Karyn_Geyser"
281,Who likes Gerbils?,"Celie_Scherbert,Ninnie_Przybilla"
282,Who likes Hack Saws?,"Celie_Scherbert,Dejuan_Topete"
283,Who likes Sneakers?,"Celie_Scherbert,Kaydence_Retuta"
284,Who likes Early Modern Period?,"Celie_Scherbert,Arthur_Tames"
285,Who likes Crossword Puzzles?,"Celie_Scherbert,Vicie_Dopp"
286,Who likes Cowbells?,"Celie_Scherbert,Georgine_Armwood"
287,Who likes Prepared Mustard?,"Celie_Scherbert,Lorie_Dineen"
288,Who likes Rainbow Eucalyptus Trees?,"Celie_Scherbert,Jaquez_Windt"
289,Who likes Ocean Sunfish?,"Celie_Scherbert,Alaina_Shabaz"
290,Who likes Almond Milk?,"Celie_Scherbert,Lea_Hatz"
291,Who likes Titan Arums?,"Celie_Scherbert,Milo_Siddoway"
292,Who likes Romanticism?,"Celie_Scherbert,Daphne_Nosker"
293,Who likes the Boston Red Sox?,"Celie_Scherbert,Shalonda_Revelez"
294,Who likes Hangers?,"Ken_Palacz,Tyrone_Datu"
295,Who likes Lantanas?,"Ken_Palacz,Mattie_Puddy"
296,Who likes Emus?,"Ken_Palacz,Treva_Penix"
297,Who likes Highlighters?,"Ken_Palacz,Carlyle_Jee"
298,Who likes Riddles?,"Ken_Palacz,Jerod_Office"
299,Who likes Icebox Cakes?,"Ken_Palacz,Kanye_Goehner"
300,Who likes Naan Bread?,"Ken_Palacz,Trevion_Malasig"
301,Who likes Salsa Dip?,"Ken_Palacz,Dulce_Pardieck"
302,Who likes Fir Trees?,"Ken_Palacz,Thor_Flandez"
303,Who likes Malts?,"Ken_Palacz,Charolette_Ransbottom"
304,Who likes Popcorn?,"Ken_Palacz,Chaka_Laham"
305,Who likes Refrigerators?,"Ken_Palacz,Latosha_Gorthy"
306,Who likes Harmonicas?,"Ken_Palacz,Aubra_Hokenson"
307,Who likes Donuts?,"Ken_Palacz,Burl_Corlis"
308,Who likes Handbags?,"Ken_Palacz,Saniyah_Jankowski"
309,Who likes Humility?,"Ken_Palacz,Judi_Wion"
310,Who likes Eagles?,"Ken_Palacz,Melissa_Zanis"
311,Who likes Provolone?,"Ken_Palacz,Dickie_Delibero"
312,Who likes Supernovae?,"Ken_Palacz,Kallie_Pavlovski"
313,Who likes Pressure Washers?,"Ken_Palacz,Juliana_Helmold"
314,Who likes Smoothies?,"Ken_Palacz,Vincenza_Otarola"
315,Who likes the San Francisco Giants?,"Ken_Palacz,Brent_Connell"
316,Who likes Copper?,"Ken_Palacz,Dillie_Newett"
317,Who likes Authors?,"Ken_Palacz,Deryl_Falsey"
318,Who likes Clamps?,"Ken_Palacz,Karyn_Geyser"
319,Who likes Perseverance?,"Ken_Palacz,Ninnie_Przybilla"
320,Who likes Mashed Potatoes?,"Ken_Palacz,Dejuan_Topete"
321,Who likes Souffles?,"Ken_Palacz,Kaydence_Retuta"
322,Who likes Veggie Straws?,"Ken_Palacz,Arthur_Tames"
323,Who likes Fika?,"Ken_Palacz,Vicie_Dopp"
324,Who likes Metronomes?,"Ken_Palacz,Georgine_Armwood"
325,Who likes Radishes?,"Ken_Palacz,Lorie_Dineen"
326,Who likes Socks?,"Ken_Palacz,Jaquez_Windt"
327,Who likes Children's Literature?,"Ken_Palacz,Alaina_Shabaz"
328,Who likes Political Science?,"Ken_Palacz,Lea_Hatz"
329,Who likes Horseshoe Crabs?,"Ken_Palacz,Milo_Siddoway"
330,Who likes Gladiolus?,"Ken_Palacz,Daphne_Nosker"
331,Who likes Western Movies?,"Ken_Palacz,Shalonda_Revelez"
332,Who likes Travelogues?,"Tyrone_Datu,Mattie_Puddy"
333,Who likes Western Calligraphy?,"Tyrone_Datu,Treva_Penix"
334,Who likes Ambrosia Salads?,"Tyrone_Datu,Carlyle_Jee"
335,Who likes Generosity?,"Tyrone_Datu,Jerod_Office"
336,Who likes Musicals?,"Tyrone_Datu,Kanye_Goehner"
337,Who likes Storytelling?,"Tyrone_Datu,Trevion_Malasig"
338,Who likes Psychology?,"Tyrone_Datu,Dulce_Pardieck"
339,Who likes Symmetry?,"Tyrone_Datu,Thor_Flandez"
340,Who likes White Pepper?,"Tyrone_Datu,Charolette_Ransbottom"
341,Who likes Flax Seeds?,"Tyrone_Datu,Chaka_Laham"
342,Who likes Redwood Trees?,"Tyrone_Datu,Latosha_Gorthy"
343,Who likes Platypuses?,"Tyrone_Datu,Aubra_Hokenson"
344,Who likes Composting?,"Tyrone_Datu,Burl_Corlis"
345,Who likes Binturongs?,"Tyrone_Datu,Saniyah_Jankowski"
346,Who likes Leeks?,"Tyrone_Datu,Judi_Wion"
347,Who likes Cognitive Science?,"Tyrone_Datu,Melissa_Zanis"
348,Who likes Bowling?,"Tyrone_Datu,Dickie_Delibero"
349,Who likes Lagoons?,"Tyrone_Datu,Kallie_Pavlovski"
350,Who likes Pharmacology?,"Tyrone_Datu,Juliana_Helmold"
351,Who likes Sunrise?,"Tyrone_Datu,Vincenza_Otarola"
352,Who likes Ethics?,"Tyrone_Datu,Brent_Connell"
353,Who likes Cacti?,"Tyrone_Datu,Dillie_Newett"
354,Who likes Pole Dancing?,"Tyrone_Datu,Deryl_Falsey"
355,Who likes Sycamore Trees?,"Tyrone_Datu,Karyn_Geyser"
356,Who likes Ancient Greece?,"Tyrone_Datu,Ninnie_Przybilla"
357,Who likes Curling?,"Tyrone_Datu,Dejuan_Topete"
358,Who likes Sparkling Water?,"Tyrone_Datu,Kaydence_Retuta"
359,Who likes Watermelons?,"Tyrone_Datu,Arthur_Tames"
360,Who likes Quokkas?,"Tyrone_Datu,Vicie_Dopp"
361,Who likes Steak?,"Tyrone_Datu,Georgine_Armwood"
362,Who likes Overalls?,"Tyrone_Datu,Lorie_Dineen"
363,Who likes Tapioca Puddings?,"Tyrone_Datu,Jaquez_Windt"
364,Who likes Maple Trees?,"Tyrone_Datu,Alaina_Shabaz"
365,Who likes Paleontology?,"Tyrone_Datu,Lea_Hatz"
366,Who likes Meteorology?,"Tyrone_Datu,Milo_Siddoway"
367,Who likes Dining Tables?,"Tyrone_Datu,Daphne_Nosker"
368,Who likes Machinists?,"Tyrone_Datu,Shalonda_Revelez"
369,Who likes Root Beer Soda?,"Mattie_Puddy,Treva_Penix"
370,Who likes Kidney Beans?,"Mattie_Puddy,Carlyle_Jee"
371,Who likes Cross-stitching?,"Mattie_Puddy,Jerod_Office"
372,Who likes Contentment?,"Mattie_Puddy,Kanye_Goehner"
373,Who likes Cartography?,"Mattie_Puddy,Trevion_Malasig"
374,Who likes Playwriting?,"Mattie_Puddy,Dulce_Pardieck"
375,Who likes Stargazing?,"Mattie_Puddy,Thor_Flandez"
376,Who likes Tourmaline?,"Mattie_Puddy,Charolette_Ransbottom"
377,Who likes Acrylic Painting?,"Mattie_Puddy,Chaka_Laham"
378,Who likes Strawberries?,"Mattie_Puddy,Latosha_Gorthy"
379,Who likes Milkshakes?,"Mattie_Puddy,Aubra_Hokenson"
380,Who likes Memoirs?,"Mattie_Puddy,Burl_Corlis"
381,Who likes Cobblers?,"Mattie_Puddy,Saniyah_Jankowski"
382,Who likes Club Crackers?,"Mattie_Puddy,Judi_Wion"
383,Who likes Autobiographies?,"Mattie_Puddy,Melissa_Zanis"
384,Who likes Coconut Yogurt?,"Mattie_Puddy,Dickie_Delibero"
385,Who likes Genetics?,"Mattie_Puddy,Kallie_Pavlovski"
386,Who likes Havarti?,"Mattie_Puddy,Juliana_Helmold"
387,Who likes R&B Music?,"Mattie_Puddy,Vincenza_Otarola"
388,Who likes Zinnias?,"Mattie_Puddy,Brent_Connell"
389,Who likes Cosmic Brownies?,"Mattie_Puddy,Dillie_Newett"
390,Who likes Hip Hop Music?,"Mattie_Puddy,Deryl_Falsey"
391,Who likes Lavash?,"Mattie_Puddy,Karyn_Geyser"
392,Who likes Calmness?,"Mattie_Puddy,Ninnie_Przybilla"
393,Who likes White Chocolate Brownies?,"Mattie_Puddy,Dejuan_Topete"
394,Who likes Tilapia?,"Mattie_Puddy,Kaydence_Retuta"
395,Who likes Barbershop quartets?,"Mattie_Puddy,Arthur_Tames"
396,Who likes Diamonds?,"Mattie_Puddy,Vicie_Dopp"
397,Who likes The Feeling of Soft Grass?,"Mattie_Puddy,Georgine_Armwood"
398,Who likes Judo?,"Mattie_Puddy,Lorie_Dineen"
399,Who likes Dumplings?,"Mattie_Puddy,Jaquez_Windt"
400,Who likes Teff?,"Mattie_Puddy,Alaina_Shabaz"
401,Who likes Mazes?,"Mattie_Puddy,Lea_Hatz"
402,Who likes Matcha Lattes?,"Mattie_Puddy,Milo_Siddoway"
403,Who likes Elk?,"Mattie_Puddy,Daphne_Nosker"
404,Who likes Forests?,"Mattie_Puddy,Shalonda_Revelez"
405,Who likes Telestrations?,"Treva_Penix,Carlyle_Jee"
406,Who likes Alpacas?,"Treva_Penix,Jerod_Office"
407,Who likes Musicians?,"Treva_Penix,Kanye_Goehner"
408,Who likes Deserts?,"Treva_Penix,Trevion_Malasig"
409,Who likes Boa Constrictors?,"Treva_Penix,Dulce_Pardieck"
410,Who likes Aerial Silks?,"Treva_Penix,Thor_Flandez"
411,Who likes Sketching?,"Treva_Penix,Charolette_Ransbottom"
412,Who likes Dominoes?,"Treva_Penix,Chaka_Laham"
413,Who likes Netherland Dwarf Rabbits?,"Treva_Penix,Latosha_Gorthy"
414,Who likes Banana Chips?,"Treva_Penix,Aubra_Hokenson"
415,Who likes Mushroom Hunting?,"Treva_Penix,Burl_Corlis"
416,Who likes Marathon Running?,"Treva_Penix,Saniyah_Jankowski"
417,Who likes Go?,"Treva_Penix,Judi_Wion"
418,Who likes the Chicago White Sox?,"Treva_Penix,Melissa_Zanis"
419,Who likes Televisions?,"Treva_Penix,Dickie_Delibero"
420,Who likes Performing Arts Studies?,"Treva_Penix,Kallie_Pavlovski"
421,Who likes Herbal Tea?,"Treva_Penix,Juliana_Helmold"
422,Who likes Ancient Egypt?,"Treva_Penix,Vincenza_Otarola"
423,Who likes Drum Kits?,"Treva_Penix,Brent_Connell"
424,Who likes Nail Art?,"Treva_Penix,Dillie_Newett"
425,Who likes Chemists?,"Treva_Penix,Deryl_Falsey"
426,Who likes Vanilla?,"Treva_Penix,Karyn_Geyser"
427,Who likes Papier-mache?,"Treva_Penix,Ninnie_Przybilla"
428,Who likes Bookshelves?,"Treva_Penix,Dejuan_Topete"
429,Who likes Limes?,"Treva_Penix,Kaydence_Retuta"
430,Who likes Sanders?,"Treva_Penix,Arthur_Tames"
431,Who likes the Atlanta Falcons?,"Treva_Penix,Vicie_Dopp"
432,Who likes Ocelots?,"Treva_Penix,Georgine_Armwood"
433,Who likes Laundry Baskets?,"Treva_Penix,Lorie_Dineen"
434,Who likes Bongos?,"Treva_Penix,Jaquez_Windt"
435,Who likes Lacrosse?,"Treva_Penix,Alaina_Shabaz"
436,Who likes Cuttlefish?,"Treva_Penix,Lea_Hatz"
437,Who likes Bedroom Curtains?,"Treva_Penix,Milo_Siddoway"
438,Who likes Hairdressers?,"Treva_Penix,Daphne_Nosker"
439,Who likes Tillandsia?,"Treva_Penix,Shalonda_Revelez"
440,Who likes Meteors?,"Carlyle_Jee,Jerod_Office"
441,Who likes Vises?,"Carlyle_Jee,Kanye_Goehner"
442,Who likes Black-eyed Susans?,"Carlyle_Jee,Trevion_Malasig"
443,Who likes Tiger's Eye?,"Carlyle_Jee,Dulce_Pardieck"
444,Who likes Forestry?,"Carlyle_Jee,Thor_Flandez"
445,Who likes Vacuum Cleaners?,"Carlyle_Jee,Charolette_Ransbottom"
446,Who likes Hip Hop Dancing?,"Carlyle_Jee,Chaka_Laham"
447,Who likes Flow State?,"Carlyle_Jee,Latosha_Gorthy"
448,Who likes Coasters?,"Carlyle_Jee,Aubra_Hokenson"
449,Who likes Praying Mantises?,"Carlyle_Jee,Burl_Corlis"
450,Who likes Didgeridoos?,"Carlyle_Jee,Saniyah_Jankowski"
451,Who likes Mallards?,"Carlyle_Jee,Judi_Wion"
452,Who likes Sorbet?,"Carlyle_Jee,Melissa_Zanis"
453,Who likes Amusement?,"Carlyle_Jee,Dickie_Delibero"
454,Who likes Curiosity?,"Carlyle_Jee,Kallie_Pavlovski"
455,Who likes Pencils?,"Carlyle_Jee,Juliana_Helmold"
456,Who likes Glassblowing?,"Carlyle_Jee,Vincenza_Otarola"
457,Who likes Sitcoms?,"Carlyle_Jee,Brent_Connell"
458,Who likes Venus?,"Carlyle_Jee,Dillie_Newett"
459,Who likes Bundt Cakes?,"Carlyle_Jee,Deryl_Falsey"
460,Who likes Satisfaction?,"Carlyle_Jee,Karyn_Geyser"
461,Who likes Gospel Music?,"Carlyle_Jee,Ninnie_Przybilla"
462,Who likes Mustard Seed?,"Carlyle_Jee,Dejuan_Topete"
463,Who likes Iceberg Lettuce?,"Carlyle_Jee,Kaydence_Retuta"
464,Who likes Shower Curtains?,"Carlyle_Jee,Arthur_Tames"
465,Who likes Barbecue Sauce?,"Carlyle_Jee,Vicie_Dopp"
466,Who likes Orchid Mantises?,"Carlyle_Jee,Georgine_Armwood"
467,Who likes Rugby?,"Carlyle_Jee,Lorie_Dineen"
468,Who likes Milk Chocolate?,"Carlyle_Jee,Jaquez_Windt"
469,Who likes Fenugreek?,"Carlyle_Jee,Alaina_Shabaz"
470,Who likes Hedgehogs?,"Carlyle_Jee,Lea_Hatz"
471,Who likes Cloud Watching?,"Carlyle_Jee,Milo_Siddoway"
472,Who likes Polo Shirts?,"Carlyle_Jee,Daphne_Nosker"
473,Who likes The Andromeda Galaxy?,"Carlyle_Jee,Shalonda_Revelez"
474,Who likes Ostriches?,"Jerod_Office,Kanye_Goehner"
475,Who likes Sunglasses?,"Jerod_Office,Trevion_Malasig"
476,Who likes Elephants?,"Jerod_Office,Dulce_Pardieck"
477,Who likes Continental Shelves?,"Jerod_Office,Thor_Flandez"
478,Who likes The Big Dipper?,"Jerod_Office,Charolette_Ransbottom"
479,Who likes Iguanas?,"Jerod_Office,Chaka_Laham"
480,Who likes Whoopie Pies?,"Jerod_Office,Latosha_Gorthy"
481,Who likes Hazelnut Flavor?,"Jerod_Office,Aubra_Hokenson"
482,Who likes The Smell of Rain?,"Jerod_Office,Burl_Corlis"
483,Who likes Simulation Video Games?,"Jerod_Office,Saniyah_Jankowski"
484,Who likes Udon Noodles?,"Jerod_Office,Judi_Wion"
485,Who likes Skimboarding?,"Jerod_Office,Melissa_Zanis"
486,Who likes Dahlias?,"Jerod_Office,Dickie_Delibero"
487,Who likes Rosy Maple Moths?,"Jerod_Office,Kallie_Pavlovski"
488,Who likes Quiches?,"Jerod_Office,Juliana_Helmold"
489,Who likes Belonging?,"Jerod_Office,Vincenza_Otarola"
490,Who likes Freediving?,"Jerod_Office,Brent_Connell"
491,Who likes Equestrianism?,"Jerod_Office,Dillie_Newett"
492,Who likes Rubies?,"Jerod_Office,Deryl_Falsey"
493,Who likes Trombones?,"Jerod_Office,Karyn_Geyser"
494,Who likes Hoodies?,"Jerod_Office,Ninnie_Przybilla"
495,Who likes Marshmallows?,"Jerod_Office,Dejuan_Topete"
496,Who likes Pride?,"Jerod_Office,Kaydence_Retuta"
497,Who likes Record Players?,"Jerod_Office,Arthur_Tames"
498,Who likes the Green Bay Packers?,"Jerod_Office,Vicie_Dopp"
499,Who likes Feudal Japan?,"Jerod_Office,Georgine_Armwood"
500,Who likes Baked Potatoes?,"Jerod_Office,Lorie_Dineen"
501,Who likes Grasshoppers?,"Jerod_Office,Jaquez_Windt"
502,Who likes Dragon Fruits?,"Jerod_Office,Alaina_Shabaz"
503,Who likes Humpback Whales?,"Jerod_Office,Lea_Hatz"
504,Who likes The Iron Age?,"Jerod_Office,Milo_Siddoway"
505,Who likes T-shirts?,"Jerod_Office,Daphne_Nosker"
506,Who likes Slushies?,"Jerod_Office,Shalonda_Revelez"
507,Who likes Passion Fruits?,"Kanye_Goehner,Trevion_Malasig"
508,Who likes Umbrellas?,"Kanye_Goehner,Dulce_Pardieck"
509,Who likes Sponge Cakes?,"Kanye_Goehner,Thor_Flandez"
510,Who likes Passion Flowers?,"Kanye_Goehner,Charolette_Ransbottom"
511,Who likes Crocheting?,"Kanye_Goehner,Chaka_Laham"
512,Who likes Magic: The Gathering?,"Kanye_Goehner,Latosha_Gorthy"
513,Who likes Macchiatos?,"Kanye_Goehner,Aubra_Hokenson"
514,Who likes Emeralds?,"Kanye_Goehner,Burl_Corlis"
515,Who likes Cinnamon Rolls?,"Kanye_Goehner,Saniyah_Jankowski"
516,Who likes Nebulae?,"Kanye_Goehner,Judi_Wion"
517,Who likes Taiga?,"Kanye_Goehner,Melissa_Zanis"
518,Who likes LARPing?,"Kanye_Goehner,Dickie_Delibero"
519,Who likes Tumbling?,"Kanye_Goehner,Kallie_Pavlovski"
520,Who likes Black Bears?,"Kanye_Goehner,Juliana_Helmold"
521,Who likes Corn Tortillas?,"Kanye_Goehner,Vincenza_Otarola"
522,Who likes Basketball?,"Kanye_Goehner,Brent_Connell"
523,Who likes Carrot Cakes?,"Kanye_Goehner,Dillie_Newett"
524,Who likes Uranus?,"Kanye_Goehner,Deryl_Falsey"
525,Who likes Caulking Guns?,"Kanye_Goehner,Karyn_Geyser"
526,Who likes Origami?,"Kanye_Goehner,Ninnie_Przybilla"
527,Who likes Ghost Ants?,"Kanye_Goehner,Dejuan_Topete"
528,Who likes Guacamole?,"Kanye_Goehner,Kaydence_Retuta"
529,Who likes Peridot?,"Kanye_Goehner,Arthur_Tames"
530,Who likes Poplar Trees?,"Kanye_Goehner,Vicie_Dopp"
531,Who likes Drama Literature?,"Kanye_Goehner,Georgine_Armwood"
532,Who likes Cosplay?,"Kanye_Goehner,Lorie_Dineen"
533,Who likes Vlogging?,"Kanye_Goehner,Jaquez_Windt"
534,Who likes English Muffins?,"Kanye_Goehner,Alaina_Shabaz"
535,Who likes Nutter Butters?,"Kanye_Goehner,Lea_Hatz"
536,Who likes Old World Fruit Bats?,"Kanye_Goehner,Milo_Siddoway"
537,Who likes Oats?,"Kanye_Goehner,Daphne_Nosker"
538,Who likes Warhammer 40?,"Kanye_Goehner,Shalonda_Revelez"
539,Who likes Multigrain Bread?,"Trevion_Malasig,Dulce_Pardieck"
540,Who likes Placemats?,"Trevion_Malasig,Thor_Flandez"
541,Who likes Kimchi?,"Trevion_Malasig,Charolette_Ransbottom"
542,Who likes Recorders?,"Trevion_Malasig,Chaka_Laham"
543,Who likes Monopoly?,"Trevion_Malasig,Latosha_Gorthy"
544,Who likes Potato Chips?,"Trevion_Malasig,Aubra_Hokenson"
545,Who likes Weaving?,"Trevion_Malasig,Burl_Corlis"
546,Who likes Sweet Potatoes?,"Trevion_Malasig,Saniyah_Jankowski"
547,Who likes The Scent of Flowers?,"Trevion_Malasig,Judi_Wion"
548,Who likes Mystery Literature?,"Trevion_Malasig,Melissa_Zanis"
549,Who likes Chameleons?,"Trevion_Malasig,Dickie_Delibero"
550,Who likes Grapefruits?,"Trevion_Malasig,Kallie_Pavlovski"
551,Who likes Catan?,"Trevion_Malasig,Juliana_Helmold"
552,Who likes Trumpets?,"Trevion_Malasig,Vincenza_Otarola"
553,Who likes Neptune?,"Trevion_Malasig,Brent_Connell"
554,Who likes Essays?,"Trevion_Malasig,Dillie_Newett"
555,Who likes Fruitcakes?,"Trevion_Malasig,Deryl_Falsey"
556,Who likes The Game of Life?,"Trevion_Malasig,Karyn_Geyser"
557,Who likes Albatrosses?,"Trevion_Malasig,Ninnie_Przybilla"
558,Who likes Volunteering?,"Trevion_Malasig,Dejuan_Topete"
559,Who likes Pulsars?,"Trevion_Malasig,Kaydence_Retuta"
560,Who likes Accountants?,"Trevion_Malasig,Arthur_Tames"
561,Who likes Arctic Foxes?,"Trevion_Malasig,Vicie_Dopp"
562,Who likes Prehistory?,"Trevion_Malasig,Georgine_Armwood"
563,Who likes Glistening Dewdrops?,"Trevion_Malasig,Lorie_Dineen"
564,Who likes Chipmunks?,"Trevion_Malasig,Jaquez_Windt"
565,Who likes Bread Puddings?,"Trevion_Malasig,Alaina_Shabaz"
566,Who likes Goldfish Crackers?,"Trevion_Malasig,Lea_Hatz"
567,Who likes Gecko Lizards?,"Trevion_Malasig,Milo_Siddoway"
568,Who likes the Miami Marlins?,"Trevion_Malasig,Daphne_Nosker"
569,Who likes Aerospace Engineering?,"Trevion_Malasig,Shalonda_Revelez"
570,Who likes Criminology?,"Dulce_Pardieck,Thor_Flandez"
571,Who likes Boxing?,"Dulce_Pardieck,Charolette_Ransbottom"
572,Who likes Radios?,"Dulce_Pardieck,Chaka_Laham"
573,Who likes Serendipity?,"Dulce_Pardieck,Latosha_Gorthy"
574,Who likes Late Antiquity?,"Dulce_Pardieck,Aubra_Hokenson"
575,Who likes Battleship?,"Dulce_Pardieck,Burl_Corlis"
576,Who likes Green Bell Peppers?,"Dulce_Pardieck,Saniyah_Jankowski"
577,Who likes Word Searches?,"Dulce_Pardieck,Judi_Wion"
578,Who likes Macaroni and Cheese?,"Dulce_Pardieck,Melissa_Zanis"
579,Who likes Sweaters?,"Dulce_Pardieck,Dickie_Delibero"
580,Who likes Anglerfish?,"Dulce_Pardieck,Kallie_Pavlovski"
581,Who likes Ramen?,"Dulce_Pardieck,Juliana_Helmold"
582,Who likes Peas?,"Dulce_Pardieck,Vincenza_Otarola"
583,Who likes Botany?,"Dulce_Pardieck,Brent_Connell"
584,Who likes Chemical Engineering?,"Dulce_Pardieck,Dillie_Newett"
585,Who likes Teamwork?,"Dulce_Pardieck,Deryl_Falsey"
586,Who likes Pocket Watches?,"Dulce_Pardieck,Karyn_Geyser"
587,Who likes Dressers?,"Dulce_Pardieck,Ninnie_Przybilla"
588,Who likes Clothing Irons?,"Dulce_Pardieck,Dejuan_Topete"
589,Who likes Sailing?,"Dulce_Pardieck,Kaydence_Retuta"
590,Who likes Metalworking?,"Dulce_Pardieck,Arthur_Tames"
591,Who likes Notebooks?,"Dulce_Pardieck,Vicie_Dopp"
592,Who likes Popsicles?,"Dulce_Pardieck,Georgine_Armwood"
593,Who likes Celery with peanut butter?,"Dulce_Pardieck,Lorie_Dineen"
594,Who likes Sparrows?,"Dulce_Pardieck,Jaquez_Windt"
595,Who likes Euchre?,"Dulce_Pardieck,Alaina_Shabaz"
596,Who likes Blue Cheese?,"Dulce_Pardieck,Lea_Hatz"
597,Who likes Speed Skating?,"Dulce_Pardieck,Milo_Siddoway"
598,Who likes Linzer Tortes?,"Dulce_Pardieck,Daphne_Nosker"
599,Who likes Ground Beef?,"Dulce_Pardieck,Shalonda_Revelez"
600,Who likes Pork Chops?,"Thor_Flandez,Charolette_Ransbottom"
601,Who likes French Horns?,"Thor_Flandez,Chaka_Laham"
602,Who likes Jade?,"Thor_Flandez,Latosha_Gorthy"
603,Who likes Confidence?,"Thor_Flandez,Aubra_Hokenson"
604,Who likes Sweet Muffins?,"Thor_Flandez,Burl_Corlis"
605,Who likes Ferns?,"Thor_Flandez,Saniyah_Jankowski"
606,Who likes Coaches?,"Thor_Flandez,Judi_Wion"
607,Who likes Ballroom Dancing?,"Thor_Flandez,Melissa_Zanis"
608,Who likes Sesame Seeds?,"Thor_Flandez,Dickie_Delibero"
609,Who likes Saxophones?,"Thor_Flandez,Kallie_Pavlovski"
610,Who likes Opera?,"Thor_Flandez,Juliana_Helmold"
611,Who likes Empathy?,"Thor_Flandez,Vincenza_Otarola"
612,Who likes Pound Cakes?,"Thor_Flandez,Brent_Connell"
613,Who likes Screenwriting?,"Thor_Flandez,Dillie_Newett"
614,Who likes Trout?,"Thor_Flandez,Deryl_Falsey"
615,Who likes Paella?,"Thor_Flandez,Karyn_Geyser"
616,Who likes Picture Frames?,"Thor_Flandez,Ninnie_Przybilla"
617,Who likes Zip Ties?,"Thor_Flandez,Dejuan_Topete"
618,Who likes Beachcombing?,"Thor_Flandez,Kaydence_Retuta"
619,Who likes Sardines?,"Thor_Flandez,Arthur_Tames"
620,Who likes Bamboo?,"Thor_Flandez,Vicie_Dopp"
621,Who likes Humor?,"Thor_Flandez,Georgine_Armwood"
622,Who likes Clouds?,"Thor_Flandez,Lorie_Dineen"
623,Who likes Sandals?,"Thor_Flandez,Jaquez_Windt"
624,Who likes Meat Lovers Pizza?,"Thor_Flandez,Alaina_Shabaz"
625,Who likes Oatmeal Raisin Cookies?,"Thor_Flandez,Lea_Hatz"
626,Who likes Sweet Onions?,"Thor_Flandez,Milo_Siddoway"
627,Who likes Nature Journaling?,"Thor_Flandez,Daphne_Nosker"
628,Who likes Amplifiers?,"Thor_Flandez,Shalonda_Revelez"
629,Who likes Tofu?,"Charolette_Ransbottom,Chaka_Laham"
630,Who likes Celery Seed?,"Charolette_Ransbottom,Latosha_Gorthy"
631,Who likes Orange Soda?,"Charolette_Ransbottom,Aubra_Hokenson"
632,Who likes Seahorses?,"Charolette_Ransbottom,Burl_Corlis"
633,Who likes the Oakland Athletics?,"Charolette_Ransbottom,Saniyah_Jankowski"
634,Who likes Caramel Sauce?,"Charolette_Ransbottom,Judi_Wion"
635,Who likes Tortoises?,"Charolette_Ransbottom,Melissa_Zanis"
636,Who likes Architectural Photography?,"Charolette_Ransbottom,Dickie_Delibero"
637,Who likes Sugar Cookies?,"Charolette_Ransbottom,Kallie_Pavlovski"
638,Who likes Roller Skating?,"Charolette_Ransbottom,Juliana_Helmold"
639,Who likes Corn Flakes?,"Charolette_Ransbottom,Vincenza_Otarola"
640,Who likes Environmental Science?,"Charolette_Ransbottom,Brent_Connell"
641,Who likes Dill?,"Charolette_Ransbottom,Dillie_Newett"
642,Who likes Capybaras?,"Charolette_Ransbottom,Deryl_Falsey"
643,Who likes Geese?,"Charolette_Ransbottom,Karyn_Geyser"
644,Who likes Catnip?,"Charolette_Ransbottom,Ninnie_Przybilla"
645,Who likes Sheep?,"Charolette_Ransbottom,Dejuan_Topete"
646,Who likes Salmon?,"Charolette_Ransbottom,Kaydence_Retuta"
647,Who likes Cheerleading?,"Charolette_Ransbottom,Arthur_Tames"
648,Who likes Chewing Gum?,"Charolette_Ransbottom,Vicie_Dopp"
649,Who likes Growth?,"Charolette_Ransbottom,Georgine_Armwood"
650,Who likes The Feeling of Warm Sand?,"Charolette_Ransbottom,Lorie_Dineen"
651,Who likes Broccoli?,"Charolette_Ransbottom,Jaquez_Windt"
652,Who likes Coconut Macaroons?,"Charolette_Ransbottom,Alaina_Shabaz"
653,Who likes Flan?,"Charolette_Ransbottom,Lea_Hatz"
654,Who likes Cicadas?,"Charolette_Ransbottom,Milo_Siddoway"
655,Who likes Chives?,"Charolette_Ransbottom,Daphne_Nosker"
656,Who likes Vaporwave?,"Charolette_Ransbottom,Shalonda_Revelez"
657,Who likes Kitesurfing?,"Chaka_Laham,Latosha_Gorthy"
658,Who likes Trifles?,"Chaka_Laham,Aubra_Hokenson"
659,Who likes Patterns?,"Chaka_Laham,Burl_Corlis"
660,Who likes Pliers?,"Chaka_Laham,Saniyah_Jankowski"
661,Who likes the Tampa Bay Rays?,"Chaka_Laham,Judi_Wion"
662,Who likes Block Printing?,"Chaka_Laham,Melissa_Zanis"
663,Who likes Stick Insects?,"Chaka_Laham,Dickie_Delibero"
664,Who likes Mules?,"Chaka_Laham,Kallie_Pavlovski"
665,Who likes Ovens?,"Chaka_Laham,Juliana_Helmold"
666,Who likes Having a snowball fight?,"Chaka_Laham,Vincenza_Otarola"
667,Who likes Scrambled Eggs?,"Chaka_Laham,Brent_Connell"
668,Who likes Homebrewing?,"Chaka_Laham,Dillie_Newett"
669,Who likes Centipedes?,"Chaka_Laham,Deryl_Falsey"
670,Who likes Sea Anemones?,"Chaka_Laham,Karyn_Geyser"
671,Who likes Rattlesnakes?,"Chaka_Laham,Ninnie_Przybilla"
672,Who likes Cocoa Powder?,"Chaka_Laham,Dejuan_Topete"
673,Who likes Bassoons?,"Chaka_Laham,Kaydence_Retuta"
674,Who likes Stair Climbing?,"Chaka_Laham,Arthur_Tames"
675,Who likes Garbanzo Beans?,"Chaka_Laham,Vicie_Dopp"
676,Who likes Chai Tea?,"Chaka_Laham,Georgine_Armwood"
677,Who likes Spruce Trees?,"Chaka_Laham,Lorie_Dineen"
678,Who likes Northern Cardinals?,"Chaka_Laham,Jaquez_Windt"
679,Who likes Biscotti?,"Chaka_Laham,Alaina_Shabaz"
680,Who likes Chefs?,"Chaka_Laham,Lea_Hatz"
681,Who likes Rice Krispie Treats?,"Chaka_Laham,Milo_Siddoway"
682,Who likes Willow Trees?,"Chaka_Laham,Daphne_Nosker"
683,Who likes Tuxedos?,"Chaka_Laham,Shalonda_Revelez"
684,Who likes The Digital Age?,"Latosha_Gorthy,Aubra_Hokenson"
685,Who likes Mangoes?,"Latosha_Gorthy,Burl_Corlis"
686,Who likes Ice Cream Cones?,"Latosha_Gorthy,Saniyah_Jankowski"
687,Who likes Red Wolves?,"Latosha_Gorthy,Judi_Wion"
688,Who likes Manta Rays?,"Latosha_Gorthy,Melissa_Zanis"
689,Who likes A cappella music?,"Latosha_Gorthy,Dickie_Delibero"
690,Who likes Begonias?,"Latosha_Gorthy,Kallie_Pavlovski"
691,Who likes Tortilla Chips?,"Latosha_Gorthy,Juliana_Helmold"
692,Who likes Calamari?,"Latosha_Gorthy,Vincenza_Otarola"
693,Who likes Jigsaw Puzzles?,"Latosha_Gorthy,Brent_Connell"
694,Who likes Fire Ants?,"Latosha_Gorthy,Dillie_Newett"
695,Who likes Banyan Trees?,"Latosha_Gorthy,Deryl_Falsey"
696,Who likes Fennel?,"Latosha_Gorthy,Karyn_Geyser"
697,Who likes Fairy Tales?,"Latosha_Gorthy,Ninnie_Przybilla"
698,Who likes Tacos?,"Latosha_Gorthy,Dejuan_Topete"
699,Who likes Shasta Daisies?,"Latosha_Gorthy,Kaydence_Retuta"
700,Who likes Windsurfing?,"Latosha_Gorthy,Arthur_Tames"
701,Who likes Tarts?,"Latosha_Gorthy,Vicie_Dopp"
702,Who likes Cappuccinos?,"Latosha_Gorthy,Georgine_Armwood"
703,Who likes Hermit Crabs?,"Latosha_Gorthy,Lorie_Dineen"
704,Who likes Geology?,"Latosha_Gorthy,Jaquez_Windt"
705,Who likes Phase 10?,"Latosha_Gorthy,Alaina_Shabaz"
706,Who likes Cornstarch?,"Latosha_Gorthy,Lea_Hatz"
707,Who likes Blankets?,"Latosha_Gorthy,Milo_Siddoway"
708,Who likes Financiers?,"Latosha_Gorthy,Daphne_Nosker"
709,Who likes Sapphires?,"Latosha_Gorthy,Shalonda_Revelez"
710,Who likes Violins?,"Aubra_Hokenson,Burl_Corlis"
711,Who likes Tuna Salads?,"Aubra_Hokenson,Saniyah_Jankowski"
712,Who likes Pygmy Rabbits?,"Aubra_Hokenson,Judi_Wion"
713,Who likes Sci-Fi Movies?,"Aubra_Hokenson,Melissa_Zanis"
714,Who likes Granola Bars?,"Aubra_Hokenson,Dickie_Delibero"
715,Who likes Cherry Blossom Trees?,"Aubra_Hokenson,Kallie_Pavlovski"
716,Who likes Nostalgia?,"Aubra_Hokenson,Juliana_Helmold"
717,Who likes Petunias?,"Aubra_Hokenson,Vincenza_Otarola"
718,Who likes 3D Modeling?,"Aubra_Hokenson,Brent_Connell"
719,Who likes Darts?,"Aubra_Hokenson,Dillie_Newett"
720,Who likes Acrobatics?,"Aubra_Hokenson,Deryl_Falsey"
721,Who likes Cellos?,"Aubra_Hokenson,Karyn_Geyser"
722,Who likes Salsa Dancing?,"Aubra_Hokenson,Ninnie_Przybilla"
723,Who likes Aerobics?,"Aubra_Hokenson,Dejuan_Topete"
724,Who likes Soap Making?,"Aubra_Hokenson,Kaydence_Retuta"
725,Who likes Fruit Snacks?,"Aubra_Hokenson,Arthur_Tames"
726,Who likes Cool Breezes?,"Aubra_Hokenson,Vicie_Dopp"
727,Who likes Spring Rolls?,"Aubra_Hokenson,Georgine_Armwood"
728,Who likes Giraffes?,"Aubra_Hokenson,Lorie_Dineen"
729,Who likes Kingfishers?,"Aubra_Hokenson,Jaquez_Windt"
730,Who likes Honey?,"Aubra_Hokenson,Alaina_Shabaz"
731,Who likes Courage?,"Aubra_Hokenson,Lea_Hatz"
732,Who likes Marmalade?,"Aubra_Hokenson,Milo_Siddoway"
733,Who likes Clocks?,"Aubra_Hokenson,Daphne_Nosker"
734,Who likes Auroras?,"Aubra_Hokenson,Shalonda_Revelez"
735,Who likes BMX Biking?,"Burl_Corlis,Saniyah_Jankowski"
736,Who likes Tailors?,"Burl_Corlis,Judi_Wion"
737,Who likes the Los Angeles Rams?,"Burl_Corlis,Melissa_Zanis"
738,Who likes Music Production?,"Burl_Corlis,Dickie_Delibero"
739,Who likes Hoopoes?,"Burl_Corlis,Kallie_Pavlovski"
740,Who likes Tie-dye?,"Burl_Corlis,Juliana_Helmold"
741,Who likes Bingo?,"Burl_Corlis,Vincenza_Otarola"
742,Who likes Filmmaking?,"Burl_Corlis,Brent_Connell"
743,Who likes Pickles?,"Burl_Corlis,Dillie_Newett"
744,Who likes Planetary Rings?,"Burl_Corlis,Deryl_Falsey"
745,Who likes Balconies?,"Burl_Corlis,Karyn_Geyser"
746,Who likes Mixology?,"Burl_Corlis,Ninnie_Przybilla"
747,Who likes Rex Rabbit?,"Burl_Corlis,Dejuan_Topete"
748,Who likes Plums?,"Burl_Corlis,Kaydence_Retuta"
749,Who likes The Ottoman Empire?,"Burl_Corlis,Arthur_Tames"
750,Who likes Caracals?,"Burl_Corlis,Vicie_Dopp"
751,Who likes Ghee?,"Burl_Corlis,Georgine_Armwood"
752,Who likes Farmers?,"Burl_Corlis,Lorie_Dineen"
753,Who likes Mathematics?,"Burl_Corlis,Jaquez_Windt"
754,Who likes Buttes?,"Burl_Corlis,Alaina_Shabaz"
755,Who likes Mahjong?,"Burl_Corlis,Lea_Hatz"
756,Who likes Vests?,"Burl_Corlis,Milo_Siddoway"
757,Who likes Speakers?,"Burl_Corlis,Daphne_Nosker"
758,Who likes Etching?,"Burl_Corlis,Shalonda_Revelez"
759,Who likes Bigfin Reef Squids?,"Saniyah_Jankowski,Judi_Wion"
760,Who likes Fusilli?,"Saniyah_Jankowski,Melissa_Zanis"
761,Who likes Oceanic Trenches?,"Saniyah_Jankowski,Dickie_Delibero"
762,Who likes Soccer?,"Saniyah_Jankowski,Kallie_Pavlovski"
763,Who likes Sausages?,"Saniyah_Jankowski,Juliana_Helmold"
764,Who likes Magnet Fishing?,"Saniyah_Jankowski,Vincenza_Otarola"
765,Who likes Roses?,"Saniyah_Jankowski,Brent_Connell"
766,Who likes New-age music?,"Saniyah_Jankowski,Dillie_Newett"
767,Who likes Mayonnaise?,"Saniyah_Jankowski,Deryl_Falsey"
768,Who likes Visiting National Parks?,"Saniyah_Jankowski,Karyn_Geyser"
769,Who likes Pomegranates?,"Saniyah_Jankowski,Ninnie_Przybilla"
770,Who likes The Inca Empire?,"Saniyah_Jankowski,Dejuan_Topete"
771,Who likes Ice Hockey?,"Saniyah_Jankowski,Kaydence_Retuta"
772,Who likes Zebra Cakes?,"Saniyah_Jankowski,Arthur_Tames"
773,Who likes Codenames?,"Saniyah_Jankowski,Vicie_Dopp"
774,Who likes Wood Carving?,"Saniyah_Jankowski,Georgine_Armwood"
775,Who likes Flemish Giants?,"Saniyah_Jankowski,Lorie_Dineen"
776,Who likes Social Work?,"Saniyah_Jankowski,Jaquez_Windt"
777,Who likes Clover?,"Saniyah_Jankowski,Alaina_Shabaz"
778,Who likes CD Players?,"Saniyah_Jankowski,Lea_Hatz"
779,Who likes Barley?,"Saniyah_Jankowski,Milo_Siddoway"
780,Who likes Blacksmiths?,"Saniyah_Jankowski,Daphne_Nosker"
781,Who likes Symphonies?,"Saniyah_Jankowski,Shalonda_Revelez"
782,Who likes Fried Eggs?,"Judi_Wion,Melissa_Zanis"
783,Who likes Marzipan?,"Judi_Wion,Dickie_Delibero"
784,Who likes Mittens?,"Judi_Wion,Kallie_Pavlovski"
785,Who likes Stand-up Paddleboarding?,"Judi_Wion,Juliana_Helmold"
786,Who likes Strudels?,"Judi_Wion,Vincenza_Otarola"
787,Who likes Baroque Music?,"Judi_Wion,Brent_Connell"
788,Who likes Horror Movies?,"Judi_Wion,Dillie_Newett"
789,Who likes Chervil?,"Judi_Wion,Deryl_Falsey"
790,Who likes Wrenches?,"Judi_Wion,Karyn_Geyser"
791,Who likes Bleeding Hearts?,"Judi_Wion,Ninnie_Przybilla"
792,Who likes Carcassonne?,"Judi_Wion,Dejuan_Topete"
793,Who likes Bushcraft?,"Judi_Wion,Kaydence_Retuta"
794,Who likes Conga Drums?,"Judi_Wion,Arthur_Tames"
795,Who likes Tempeh?,"Judi_Wion,Vicie_Dopp"
796,Who likes Comedy Movies?,"Judi_Wion,Georgine_Armwood"
797,Who likes Synthesizers?,"Judi_Wion,Lorie_Dineen"
798,Who likes Koalas?,"Judi_Wion,Jaquez_Windt"
799,Who likes Triathlons?,"Judi_Wion,Alaina_Shabaz"
800,Who likes Solitude?,"Judi_Wion,Lea_Hatz"
801,Who likes Green Tea?,"Judi_Wion,Milo_Siddoway"
802,Who likes Penguins?,"Judi_Wion,Daphne_Nosker"
803,Who likes Sea Otters?,"Judi_Wion,Shalonda_Revelez"
804,Who likes Nurses?,"Melissa_Zanis,Dickie_Delibero"
805,Who likes Water Polo?,"Melissa_Zanis,Kallie_Pavlovski"
806,Who likes Tambourines?,"Melissa_Zanis,Juliana_Helmold"
807,Who likes Atolls?,"Melissa_Zanis,Vincenza_Otarola"
808,Who likes Leggings?,"Melissa_Zanis,Brent_Connell"
809,Who likes Crumbles?,"Melissa_Zanis,Dillie_Newett"
810,Who likes Metal Detecting?,"Melissa_Zanis,Deryl_Falsey"
811,Who likes Relaxation?,"Melissa_Zanis,Karyn_Geyser"
812,Who likes Wood Burning?,"Melissa_Zanis,Ninnie_Przybilla"
813,Who likes Okapi?,"Melissa_Zanis,Dejuan_Topete"
814,Who likes Corn Snakes?,"Melissa_Zanis,Kaydence_Retuta"
815,Who likes Thin Mints?,"Melissa_Zanis,Arthur_Tames"
816,Who likes Omelettes?,"Melissa_Zanis,Vicie_Dopp"
817,Who likes Pansies?,"Melissa_Zanis,Georgine_Armwood"
818,Who likes Gin Rummy?,"Melissa_Zanis,Lorie_Dineen"
819,Who likes Cotton Candy?,"Melissa_Zanis,Jaquez_Windt"
820,Who likes Goliath Beetles?,"Melissa_Zanis,Alaina_Shabaz"
821,Who likes Cedar Trees?,"Melissa_Zanis,Lea_Hatz"
822,Who likes Chrysanthemums?,"Melissa_Zanis,Milo_Siddoway"
823,Who likes Creme Brulee?,"Melissa_Zanis,Daphne_Nosker"
824,Who likes Fishing?,"Melissa_Zanis,Shalonda_Revelez"
825,Who likes Mandolins?,"Dickie_Delibero,Kallie_Pavlovski"
826,Who likes Goulash?,"Dickie_Delibero,Juliana_Helmold"
827,Who likes Kindness?,"Dickie_Delibero,Vincenza_Otarola"
828,Who likes Interior Design?,"Dickie_Delibero,Brent_Connell"
829,Who likes Chairs?,"Dickie_Delibero,Dillie_Newett"
830,Who likes Rubik's Cubes?,"Dickie_Delibero,Deryl_Falsey"
831,Who likes Mirrors?,"Dickie_Delibero,Karyn_Geyser"
832,Who likes Lifeguards?,"Dickie_Delibero,Ninnie_Przybilla"
833,Who likes Ash Trees?,"Dickie_Delibero,Dejuan_Topete"
834,Who likes Rye Bread?,"Dickie_Delibero,Kaydence_Retuta"
835,Who likes the Carolina Panthers?,"Dickie_Delibero,Arthur_Tames"
836,Who likes Romaine Lettuce?,"Dickie_Delibero,Vicie_Dopp"
837,Who likes Spider Plants?,"Dickie_Delibero,Georgine_Armwood"
838,Who likes Mechanics?,"Dickie_Delibero,Lorie_Dineen"
839,Who likes Hammerhead Sharks?,"Dickie_Delibero,Jaquez_Windt"
840,Who likes Visiting Aquariums?,"Dickie_Delibero,Alaina_Shabaz"
841,Who likes Beavers?,"Dickie_Delibero,Lea_Hatz"
842,Who likes Cricket?,"Dickie_Delibero,Milo_Siddoway"
843,Who likes Puffins?,"Dickie_Delibero,Daphne_Nosker"
844,Who likes Pop Art?,"Dickie_Delibero,Shalonda_Revelez"
845,Who likes Yo-yos?,"Kallie_Pavlovski,Juliana_Helmold"
846,Who likes Asafoetida?,"Kallie_Pavlovski,Vincenza_Otarola"
847,Who likes Lawn Mowers?,"Kallie_Pavlovski,Brent_Connell"
848,Who likes Echidnas?,"Kallie_Pavlovski,Dillie_Newett"
849,Who likes Lakes?,"Kallie_Pavlovski,Deryl_Falsey"
850,Who likes Wolverines?,"Kallie_Pavlovski,Karyn_Geyser"
851,Who likes Cypress Trees?,"Kallie_Pavlovski,Ninnie_Przybilla"
852,Who likes Toolboxes?,"Kallie_Pavlovski,Dejuan_Topete"
853,Who likes River Deltas?,"Kallie_Pavlovski,Kaydence_Retuta"
854,Who likes Marjoram?,"Kallie_Pavlovski,Arthur_Tames"
855,Who likes Family Movies?,"Kallie_Pavlovski,Vicie_Dopp"
856,Who likes Collaboration?,"Kallie_Pavlovski,Georgine_Armwood"
857,Who likes Fugues?,"Kallie_Pavlovski,Lorie_Dineen"
858,Who likes Poppies?,"Kallie_Pavlovski,Jaquez_Windt"
859,Who likes Envelopes?,"Kallie_Pavlovski,Alaina_Shabaz"
860,Who likes Fashion Photography?,"Kallie_Pavlovski,Lea_Hatz"
861,Who likes Lobsters?,"Kallie_Pavlovski,Milo_Siddoway"
862,Who likes Poached Eggs?,"Kallie_Pavlovski,Daphne_Nosker"
863,Who likes Secretarybirds?,"Kallie_Pavlovski,Shalonda_Revelez"
864,Who likes Black Beans?,"Juliana_Helmold,Vincenza_Otarola"
865,Who likes Software Developers?,"Juliana_Helmold,Brent_Connell"
866,Who likes Stingrays?,"Juliana_Helmold,Dillie_Newett"
867,Who likes Smartphones?,"Juliana_Helmold,Deryl_Falsey"
868,Who likes Immunology?,"Juliana_Helmold,Karyn_Geyser"
869,Who likes The Information Age?,"Juliana_Helmold,Ninnie_Przybilla"
870,Who likes Dragon's Blood Trees?,"Juliana_Helmold,Dejuan_Topete"
871,Who likes Fashion Design?,"Juliana_Helmold,Kaydence_Retuta"
872,Who likes The Aztec Empire?,"Juliana_Helmold,Arthur_Tames"
873,Who likes Fishers?,"Juliana_Helmold,Vicie_Dopp"
874,Who likes Stained Glass?,"Juliana_Helmold,Georgine_Armwood"
875,Who likes Role-Playing Video Games?,"Juliana_Helmold,Lorie_Dineen"
876,Who likes Asparagus?,"Juliana_Helmold,Jaquez_Windt"
877,Who likes Caves?,"Juliana_Helmold,Alaina_Shabaz"
878,Who likes Ladders?,"Juliana_Helmold,Lea_Hatz"
879,Who likes Persimmons?,"Juliana_Helmold,Milo_Siddoway"
880,Who likes Playfulness?,"Juliana_Helmold,Daphne_Nosker"
881,Who likes Baobab Trees?,"Juliana_Helmold,Shalonda_Revelez"
882,Who likes Fauvism?,"Vincenza_Otarola,Brent_Connell"
883,Who likes Raincoats?,"Vincenza_Otarola,Dillie_Newett"
884,Who likes Charades?,"Vincenza_Otarola,Deryl_Falsey"
885,Who likes Bass Guitars?,"Vincenza_Otarola,Karyn_Geyser"
886,Who likes The Hanseatic League?,"Vincenza_Otarola,Ninnie_Przybilla"
887,Who likes The Sound of a Babbling Brook?,"Vincenza_Otarola,Dejuan_Topete"
888,Who likes Rosemary?,"Vincenza_Otarola,Kaydence_Retuta"
889,Who likes Thyme?,"Vincenza_Otarola,Arthur_Tames"
890,Who likes Nutty Buddies?,"Vincenza_Otarola,Vicie_Dopp"
891,Who likes Malachite?,"Vincenza_Otarola,Georgine_Armwood"
892,Who likes Cubism?,"Vincenza_Otarola,Lorie_Dineen"
893,Who likes Coneflowers?,"Vincenza_Otarola,Jaquez_Windt"
894,Who likes Red Pandas?,"Vincenza_Otarola,Alaina_Shabaz"
895,Who likes Cliffs?,"Vincenza_Otarola,Lea_Hatz"
896,Who likes Scones?,"Vincenza_Otarola,Milo_Siddoway"
897,Who likes the Washington Commanders?,"Vincenza_Otarola,Daphne_Nosker"
898,Who likes the Kansas City Royals?,"Vincenza_Otarola,Shalonda_Revelez"
899,Who likes Police Procedurals?,"Brent_Connell,Dillie_Newett"
900,Who likes Angel Food Cakes?,"Brent_Connell,Deryl_Falsey"
901,Who likes The Scent of Baking Bread?,"Brent_Connell,Karyn_Geyser"
902,Who likes Apple Pies?,"Brent_Connell,Ninnie_Przybilla"
903,Who likes Affection?,"Brent_Connell,Dejuan_Topete"
904,Who likes Guppies?,"Brent_Connell,Kaydence_Retuta"
905,Who likes Star Anise?,"Brent_Connell,Arthur_Tames"
906,Who likes Citrine?,"Brent_Connell,Vicie_Dopp"
907,Who likes Historians?,"Brent_Connell,Georgine_Armwood"
908,Who likes Crepes?,"Brent_Connell,Lorie_Dineen"
909,Who likes Lychees?,"Brent_Connell,Jaquez_Windt"
910,Who likes Magic Tricks?,"Brent_Connell,Alaina_Shabaz"
911,Who likes Curries?,"Brent_Connell,Lea_Hatz"
912,Who likes the Chicago Bears?,"Brent_Connell,Milo_Siddoway"
913,Who likes Romance Literature?,"Brent_Connell,Daphne_Nosker"
914,Who likes Art Deco?,"Brent_Connell,Shalonda_Revelez"
915,Who likes Routers?,"Dillie_Newett,Deryl_Falsey"
916,Who likes Injera?,"Dillie_Newett,Karyn_Geyser"
917,Who likes Frisson?,"Dillie_Newett,Ninnie_Przybilla"
918,Who likes Plains?,"Dillie_Newett,Dejuan_Topete"
919,Who likes Arugula?,"Dillie_Newett,Kaydence_Retuta"
920,Who likes Snowshoeing?,"Dillie_Newett,Arthur_Tames"
921,Who likes Fossil Hunting?,"Dillie_Newett,Vicie_Dopp"
922,Who likes Romantic Music?,"Dillie_Newett,Georgine_Armwood"
923,Who likes Porcupines?,"Dillie_Newett,Lorie_Dineen"
924,Who likes Seitan?,"Dillie_Newett,Jaquez_Windt"
925,Who likes Food Coloring?,"Dillie_Newett,Alaina_Shabaz"
926,Who likes Jupiter?,"Dillie_Newett,Lea_Hatz"
927,Who likes Isthmuses?,"Dillie_Newett,Milo_Siddoway"
928,Who likes Spaghetti Squash?,"Dillie_Newett,Daphne_Nosker"
929,Who likes Haddock?,"Dillie_Newett,Shalonda_Revelez"
930,Who likes Salamanders?,"Deryl_Falsey,Karyn_Geyser"
931,Who likes Pointillism?,"Deryl_Falsey,Ninnie_Przybilla"
932,Who likes Oregano?,"Deryl_Falsey,Dejuan_Topete"
933,Who likes Apricots?,"Deryl_Falsey,Kaydence_Retuta"
934,Who likes Rice Noodles?,"Deryl_Falsey,Arthur_Tames"
935,Who likes Enthusiasm?,"Deryl_Falsey,Vicie_Dopp"
936,Who likes The Scent of a Campfire?,"Deryl_Falsey,Georgine_Armwood"
937,Who likes Art History?,"Deryl_Falsey,Lorie_Dineen"
938,Who likes Santa's Reindeer?,"Deryl_Falsey,Jaquez_Windt"
939,Who likes Xylophones?,"Deryl_Falsey,Alaina_Shabaz"
940,Who likes Agate?,"Deryl_Falsey,Lea_Hatz"
941,Who likes Education?,"Deryl_Falsey,Milo_Siddoway"
942,Who likes Ceviche?,"Deryl_Falsey,Daphne_Nosker"
943,Who likes Shepherd's Pies?,"Deryl_Falsey,Shalonda_Revelez"
944,Who likes Street Photography?,"Karyn_Geyser,Ninnie_Przybilla"
945,Who likes Slide Rules?,"Karyn_Geyser,Dejuan_Topete"
946,Who likes Moose?,"Karyn_Geyser,Kaydence_Retuta"
947,Who likes Mathematicians?,"Karyn_Geyser,Arthur_Tames"
948,Who likes Comets?,"Karyn_Geyser,Vicie_Dopp"
949,Who likes Batik?,"Karyn_Geyser,Georgine_Armwood"
950,Who likes Putty Knives?,"Karyn_Geyser,Lorie_Dineen"
951,Who likes Beaches?,"Karyn_Geyser,Jaquez_Windt"
952,Who likes Pothos?,"Karyn_Geyser,Alaina_Shabaz"
953,Who likes Cranberries?,"Karyn_Geyser,Lea_Hatz"
954,Who likes Pangolins?,"Karyn_Geyser,Milo_Siddoway"
955,Who likes Homesteading?,"Karyn_Geyser,Daphne_Nosker"
956,Who likes Mars?,"Karyn_Geyser,Shalonda_Revelez"
957,Who likes Pyrite?,"Ninnie_Przybilla,Dejuan_Topete"
958,Who likes Bulldog Bats?,"Ninnie_Przybilla,Kaydence_Retuta"
959,Who likes Pineapple Juice?,"Ninnie_Przybilla,Arthur_Tames"
960,Who likes Sandbox Video Games?,"Ninnie_Przybilla,Vicie_Dopp"
961,Who likes Firefighters?,"Ninnie_Przybilla,Georgine_Armwood"
962,Who likes Calisthenics?,"Ninnie_Przybilla,Lorie_Dineen"
963,Who likes Meditation?,"Ninnie_Przybilla,Jaquez_Windt"
964,Who likes Turquoise?,"Ninnie_Przybilla,Alaina_Shabaz"
965,Who likes Statistics?,"Ninnie_Przybilla,Lea_Hatz"
966,Who likes Respect?,"Ninnie_Przybilla,Milo_Siddoway"
967,Who likes Snow?,"Ninnie_Przybilla,Daphne_Nosker"
968,Who likes Sloths?,"Ninnie_Przybilla,Shalonda_Revelez"
969,Who likes Organization?,"Dejuan_Topete,Kaydence_Retuta"
970,Who likes Futurism?,"Dejuan_Topete,Arthur_Tames"
971,Who likes Gouda?,"Dejuan_Topete,Vicie_Dopp"
972,Who likes Honeydew Melons?,"Dejuan_Topete,Georgine_Armwood"
973,Who likes Nautiluses?,"Dejuan_Topete,Lorie_Dineen"
974,Who likes Card Making?,"Dejuan_Topete,Jaquez_Windt"
975,Who likes Glasswing Butterflies?,"Dejuan_Topete,Alaina_Shabaz"
976,Who likes Wild Rice?,"Dejuan_Topete,Lea_Hatz"
977,Who likes Ginkgo Trees?,"Dejuan_Topete,Milo_Siddoway"
978,Who likes Printers?,"Dejuan_Topete,Daphne_Nosker"
979,Who likes Synchronicity?,"Dejuan_Topete,Shalonda_Revelez"
980,Who likes Bee-eaters?,"Kaydence_Retuta,Arthur_Tames"
981,Who likes the Milwaukee Brewers?,"Kaydence_Retuta,Vicie_Dopp"
982,Who likes Oatmeal Creme Pies?,"Kaydence_Retuta,Georgine_Armwood"
983,Who likes Blogging?,"Kaydence_Retuta,Lorie_Dineen"
984,Who likes Hope?,"Kaydence_Retuta,Jaquez_Windt"
985,Who likes Mops?,"Kaydence_Retuta,Alaina_Shabaz"
986,Who likes Spinach?,"Kaydence_Retuta,Lea_Hatz"
987,Who likes Hornbills?,"Kaydence_Retuta,Milo_Siddoway"
988,Who likes Cannoli?,"Kaydence_Retuta,Daphne_Nosker"
989,Who likes Argentine Ants?,"Kaydence_Retuta,Shalonda_Revelez"
990,Who likes Agriculture Science?,"Arthur_Tames,Vicie_Dopp"
991,Who likes Soy Sauce?,"Arthur_Tames,Georgine_Armwood"
992,Who likes Longboarding?,"Arthur_Tames,Lorie_Dineen"
993,Who likes Barbers?,"Arthur_Tames,Jaquez_Windt"
994,Who likes Potter Wasps?,"Arthur_Tames,Alaina_Shabaz"
995,Who likes Cream Puffs?,"Arthur_Tames,Lea_Hatz"
996,Who likes Conceptual Art?,"Arthur_Tames,Milo_Siddoway"
997,Who likes the New York Mets?,"Arthur_Tames,Daphne_Nosker"
998,Who likes Blues Music?,"Arthur_Tames,Shalonda_Revelez"
999,Who likes Horses?,"Vicie_Dopp,Georgine_Armwood"
